<?xml version="1.0" encoding="UTF-8"?>
<project-private xmlns="http://www.netbeans.org/ns/project-private/1">
    <editor-bookmarks xmlns="http://www.netbeans.org/ns/editor-bookmarks/2" lastBookmarkId="0"/>
    <open-files xmlns="http://www.netbeans.org/ns/projectui-open-files/2">
        <group>
            <file>file:/C:/Users/Sayyed%20Abrar%20Akhtar/Documents/NetBeansProjects/ExaminationApplication/src/examinationapplication/ExamineeLoginJFrame.java</file>
            <file>file:/C:/Users/Sayyed%20Abrar%20Akhtar/Documents/NetBeansProjects/ExaminationApplication/src/examinationapplication/NewQuestionJFrame.java</file>
            <file>file:/C:/Users/Sayyed%20Abrar%20Akhtar/Documents/NetBeansProjects/ExaminationApplication/src/examinationapplication/UpdateAdminJFrame.java</file>
            <file>file:/C:/Users/Sayyed%20Abrar%20Akhtar/Documents/NetBeansProjects/ExaminationApplication/src/examinationapplication/ExaminationApplication.java</file>
            <file>file:/C:/Users/Sayyed%20Abrar%20Akhtar/Documents/NetBeansProjects/ExaminationApplication/src/examinationapplication/HomeWindowJFrame.java</file>
            <file>file:/C:/Users/Sayyed%20Abrar%20Akhtar/Documents/NetBeansProjects/ExaminationApplication/src/examinationapplication/DashboardJFrame.java</file>
            <file>file:/C:/Users/Sayyed%20Abrar%20Akhtar/Documents/NetBeansProjects/ExaminationApplication/src/examinationapplication/MySQLConnect.java</file>
        </group>
    </open-files>
</project-private>
